{
  "dominant": {
    "population": 3168,
    "r": 80,
    "g": 128,
    "b": 184,
    "h": 212.3077,
    "s": 0.422764271,
    "l": 0.5176471
  },
  "vibrant": {
    "population": 3168,
    "r": 80,
    "g": 128,
    "b": 184,
    "h": 212.3077,
    "s": 0.422764271,
    "l": 0.5176471
  },
  "lightVibrant": {
    "population": 779,
    "r": 216,
    "g": 128,
    "b": 176,
    "h": -32.727272,
    "s": 0.5301205,
    "l": 0.6745098
  },
  "darkVibrant": {
    "population": 1571,
    "r": 72,
    "g": 104,
    "b": 152,
    "h": 216.000015,
    "s": 0.357142836,
    "l": 0.43921572
  },
  "muted": {
    "population": 795,
    "r": 160,
    "g": 80,
    "b": 120,
    "h": -29.9999962,
    "s": 0.3333333,
    "l": 0.470588267
  },
  "lightMuted": {
    "population": 393,
    "r": 200,
    "g": 176,
    "b": 192,
    "h": -40.0,
    "s": 0.179104477,
    "l": 0.7372549
  },
  "darkMuted": {
    "population": 791,
    "r": 80,
    "g": 88,
    "b": 128,
    "h": 230.0,
    "s": 0.230769232,
    "l": 0.407843173
  }
}
