{
  "dominant": {
    "population": 6300,
    "r": 8,
    "g": 32,
    "b": 64,
    "hsl": [
      214.2857,
      0.7777779,
      0.141176477
    ]
  },
  "vibrant": {
    "population": 48,
    "r": 208,
    "g": 80,
    "b": 128,
    "hsl": [
      -22.5000038,
      0.5765766,
      0.5647059
    ]
  },
  "lightVibrant": {
    "population": 98,
    "r": 216,
    "g": 152,
    "b": 168,
    "hsl": [
      -15.0,
      0.450704217,
      0.721568644
    ]
  },
  "darkVibrant": {
    "population": 6300,
    "r": 8,
    "g": 32,
    "b": 64,
    "hsl": [
      214.2857,
      0.7777779,
      0.141176477
    ]
  },
  "muted": {
    "population": 48,
    "r": 160,
    "g": 88,
    "b": 136,
    "hsl": [
      -40.0,
      0.290322572,
      0.48627454
    ]
  },
  "lightMuted": {
    "population": 196,
    "r": 224,
    "g": 192,
    "b": 224,
    "hsl": [
      -60.0,
      0.340425521,
      0.8156863
    ]
  },
  "darkMuted": {
    "population": 1590,
    "r": 40,
    "g": 56,
    "b": 88,
    "hsl": [
      220.0,
      0.375,
      0.2509804
    ]
  }
}
