{
  "dominant": {
    "population": 3163,
    "r": 8,
    "g": 16,
    "b": 40,
    "hsl": [
      225.0,
      0.666666746,
      0.09411765
    ]
  },
  "vibrant": {
    "population": 766,
    "r": 16,
    "g": 136,
    "b": 152,
    "hsl": [
      187.058838,
      0.8095238,
      0.329411775
    ]
  },
  "lightVibrant": {
    "population": 790,
    "r": 120,
    "g": 200,
    "b": 184,
    "hsl": [
      168.0,
      0.421052665,
      0.627451
    ]
  },
  "darkVibrant": {
    "population": 3163,
    "r": 8,
    "g": 16,
    "b": 40,
    "hsl": [
      225.0,
      0.666666746,
      0.09411765
    ]
  },
  "muted": {
    "population": 787,
    "r": 96,
    "g": 136,
    "b": 128,
    "hsl": [
      168.0,
      0.1724138,
      0.454902
    ]
  },
  "lightMuted": {
    "population": 394,
    "r": 176,
    "g": 200,
    "b": 192,
    "hsl": [
      160.0,
      0.179104477,
      0.7372549
    ]
  },
  "darkMuted": {
    "population": 1582,
    "r": 48,
    "g": 88,
    "b": 80,
    "hsl": [
      168.0,
      0.29411763,
      0.266666681
    ]
  }
}
