{
  "dominant": {
    "population": 3160,
    "r": 8,
    "g": 24,
    "b": 48,
    "h": 216.0,
    "s": 0.7142858,
    "l": 0.109803922
  },
  "vibrant": {
    "population": 1586,
    "r": 40,
    "g": 72,
    "b": 128,
    "h": 218.181824,
    "s": 0.523809552,
    "l": 0.329411775
  },
  "lightVibrant": {
    "population": 392,
    "r": 240,
    "g": 176,
    "b": 224,
    "h": -45.0,
    "s": 0.680851042,
    "l": 0.8156863
  },
  "darkVibrant": {
    "population": 3152,
    "r": 24,
    "g": 56,
    "b": 104,
    "h": 216.0,
    "s": 0.625,
    "l": 0.2509804
  },
  "muted": {
    "population": 789,
    "r": 72,
    "g": 112,
    "b": 168,
    "h": 215.0,
    "s": 0.399999976,
    "l": 0.470588267
  },
  "lightMuted": {
    "population": 785,
    "r": 176,
    "g": 120,
    "b": 184,
    "h": 292.5,
    "s": 0.310679644,
    "l": 0.596078455
  },
  "darkMuted": {
    "population": 783,
    "r": 64,
    "g": 80,
    "b": 128,
    "h": 225.0,
    "s": 0.3333333,
    "l": 0.376470625
  }
}
